number,start,finish
1,2019-04-26 22:50:00,2019-04-28 11:00:00
2,2019-04-30 19:00:00,2019-05-01 01:30:00
3,2019-05-04 17:00:00,2019-05-05 11:20:00
4,2019-05-08 18:00:00,2019-05-09 00:00:00
5,2019-05-16 05:00:00,2019-05-18 02:30:00
6,2019-05-24 04:45:00,2019-05-24 23:15:00
7,2019-05-25 12:20:00,2019-05-26 00:00:00
8,2019-05-30 16:00:00,2019-05-30 22:10:00
9,2019-06-07 01:00:00,2019-06-08 02:00:00
10,2019-06-14 10:10:00,2019-06-14 10:40:00
11,2019-06-17 20:00:00,2019-06-17 23:50:00
12,2019-06-19 08:30:00,2019-06-20 19:40:00
13,2019-06-21 03:30:00,2019-06-21 23:40:00